source,cloud_provider,project_or_account_id,subscription_id,subscription_name,subscription_external_id,region,asset_count,total_kev_cves,max_cvss,critical_findings,high_findings,earliest_kev_due,ownership_gap
"Wiz","GCP","013dd047-87d2-54a1-ba6b-30e0979c3540","","","","us-east1","109","203","10.0","207","1623","2021-11-17T08:00:00.000Z","No owner tags in Wiz; subscription metadata missing"
"Wiz","GCP","116d4d62-7d4b-5b48-b3a6-97530b3ab7cb","","","","asia-south1","82","175","10.0","421","796","2021-11-17T08:00:00.000Z","No owner tags in Wiz; subscription metadata missing"
"Wiz","GCP","47b45993-4068-50bd-9e74-a876aaf4bcf5","","","","us-east4","249","159","10.0","842","4769","2021-11-17T08:00:00.000Z","No owner tags in Wiz; subscription metadata missing"
"Wiz","Azure","083dfde4-70f5-579f-84dd-e76fe8882830","","","","westus2","61","136","10.0","16","218","2021-11-17T08:00:00.000Z","No owner tags in Wiz; subscription metadata missing"
"Wiz","GCP","027d5d35-9f0f-51af-92f6-5c0e1b8ed4a4","","","","us-central1","13","130","10.0","86","1011","2021-11-17T08:00:00.000Z","No owner tags in Wiz; subscription metadata missing"
"Wiz","GCP","556e699c-3aaa-572e-a3bb-18aefee89390","","","","europe-west4","49","113","10.0","150","999","2021-12-24T08:00:00.000Z","No owner tags in Wiz; subscription metadata missing"
"Wiz","GCP","013dd047-87d2-54a1-ba6b-30e0979c3540","","","","us-east4","6","112","10.0","33","137","2021-11-17T08:00:00.000Z","No owner tags in Wiz; subscription metadata missing"
"Wiz","GCP","1ea7a000-9d00-5c58-9c3f-a31183278b68","","","","us-west1","84","111","10.0","231","987","2021-11-17T08:00:00.000Z","No owner tags in Wiz; subscription metadata missing"
"Wiz","GCP","013dd047-87d2-54a1-ba6b-30e0979c3540","","","","us-central1","51","108","10.0","27","425","2022-05-06T07:00:00.000Z","No owner tags in Wiz; subscription metadata missing"
"Wiz","GCP","013dd047-87d2-54a1-ba6b-30e0979c3540","","","","us-west1","10","102","10.0","27","331","2022-07-05T07:00:00.000Z","No owner tags in Wiz; subscription metadata missing"
"Wiz","GCP","1ea7a000-9d00-5c58-9c3f-a31183278b68","","","","europe-west4","43","97","10.0","278","718","2021-11-17T08:00:00.000Z","No owner tags in Wiz; subscription metadata missing"
"Wiz","GCP","013dd047-87d2-54a1-ba6b-30e0979c3540","","","","europe-west2","3","96","10.0","22","181","2021-11-17T08:00:00.000Z","No owner tags in Wiz; subscription metadata missing"
"Wiz","GCP","2609141b-842e-5311-bdb2-afc5b83406b4","","","","us-east4","22","90","10.0","26","146","2021-11-17T08:00:00.000Z","No owner tags in Wiz; subscription metadata missing"
"Wiz","AWS","0eed8d3e-1b4d-5a6c-b5f0-a1c5518f94e4","","","","ap-southeast-1","4","86","10.0","26","164","2022-04-15T07:00:00.000Z","No owner tags in Wiz; subscription metadata missing"
"Wiz","GCP","1ea7a000-9d00-5c58-9c3f-a31183278b68","","","","us-east4","132","81","10.0","468","1322","2021-12-24T08:00:00.000Z","No owner tags in Wiz; subscription metadata missing"
"Wiz","GCP","027d5d35-9f0f-51af-92f6-5c0e1b8ed4a4","","","","us-west1","47","79","10.0","203","526","2022-03-17T07:00:00.000Z","No owner tags in Wiz; subscription metadata missing"
"Wiz","Azure","2063015e-7c19-5d99-a338-323ab68b073c","","","","centralindia","279","78","9.8","21","513","2023-10-31T07:00:00.000Z","No owner tags in Wiz; subscription metadata missing"
"Wiz","GCP","013dd047-87d2-54a1-ba6b-30e0979c3540","","","","europe-west1","3","75","10.0","28","176","2022-07-10T07:00:00.000Z","No owner tags in Wiz; subscription metadata missing"
"Wiz","GCP","556e699c-3aaa-572e-a3bb-18aefee89390","","","","us-west1","49","74","10.0","201","559","2021-12-24T08:00:00.000Z","No owner tags in Wiz; subscription metadata missing"
"Wiz","GCP","154c3543-ed55-59db-90c5-4eaf5758958b","","","","us-west1","82","69","10.0","182","558","2021-12-24T08:00:00.000Z","No owner tags in Wiz; subscription metadata missing"
"Wiz","GCP","556e699c-3aaa-572e-a3bb-18aefee89390","","","","asia-south1","85","68","10.0","324","632","2021-12-24T08:00:00.000Z","No owner tags in Wiz; subscription metadata missing"
"Wiz","GCP","47b45993-4068-50bd-9e74-a876aaf4bcf5","","","","us-west1","19","68","10.0","26","231","2022-07-10T07:00:00.000Z","No owner tags in Wiz; subscription metadata missing"
"Wiz","GCP","556e699c-3aaa-572e-a3bb-18aefee89390","","","","europe-west2","2","68","10.0","18","108","2022-07-10T07:00:00.000Z","No owner tags in Wiz; subscription metadata missing"
"Wiz","GCP","4ff6dfc0-1be9-5b8d-b1f0-b73200ce3c73","","","","us-west1","12","67","10.0","49","182","2022-03-21T07:00:00.000Z","No owner tags in Wiz; subscription metadata missing"
"Wiz","Azure","013dd047-87d2-54a1-ba6b-30e0979c3540","","","","eastus","1107","65","9.8","264","2656","2022-03-24T07:00:00.000Z","No owner tags in Wiz; subscription metadata missing"
"Wiz","GCP","4ff6dfc0-1be9-5b8d-b1f0-b73200ce3c73","","","","europe-west4","7","65","10.0","13","145","2022-07-10T07:00:00.000Z","No owner tags in Wiz; subscription metadata missing"
"Wiz","GCP","47b45993-4068-50bd-9e74-a876aaf4bcf5","","","","asia-south1","31","64","10.0","169","540","2021-12-24T08:00:00.000Z","No owner tags in Wiz; subscription metadata missing"
"Wiz","GCP","556e699c-3aaa-572e-a3bb-18aefee89390","","","","us-east4","26","61","10.0","69","237","2022-03-21T07:00:00.000Z","No owner tags in Wiz; subscription metadata missing"
"Wiz","Azure","083dfde4-70f5-579f-84dd-e76fe8882830","","","","canadacentral","16","60","9.8","3","69","2022-04-15T07:00:00.000Z","No owner tags in Wiz; subscription metadata missing"
"Wiz","AWS","0eed8d3e-1b4d-5a6c-b5f0-a1c5518f94e4","","","","us-east-1","29","59","10.0","143","131","2021-11-17T08:00:00.000Z","No owner tags in Wiz; subscription metadata missing"
"Wiz","GCP","010f522c-1302-58f6-8ef5-d493e4e96691","","","","us-central1","12","56","10.0","23","161","2022-07-10T07:00:00.000Z","No owner tags in Wiz; subscription metadata missing"
"Wiz","Azure","013dd047-87d2-54a1-ba6b-30e0979c3540","","","","westus2","100","54","9.8","12","347","2022-07-10T07:00:00.000Z","No owner tags in Wiz; subscription metadata missing"
"Wiz","GCP","2063015e-7c19-5d99-a338-323ab68b073c","","","","us-east4","7","53","10.0","8","75","2022-07-10T07:00:00.000Z","No owner tags in Wiz; subscription metadata missing"
"Wiz","GCP","323f13a2-93e3-56dc-ba85-b38cdbeb58f6","","","","us-west1","24","51","9.8","3","159","2022-03-21T07:00:00.000Z","No owner tags in Wiz; subscription metadata missing"
"Wiz","GCP","2063015e-7c19-5d99-a338-323ab68b073c","","","","us-west1","23","49","10.0","19","209","2022-03-17T07:00:00.000Z","No owner tags in Wiz; subscription metadata missing"
"Wiz","GCP","154c3543-ed55-59db-90c5-4eaf5758958b","","","","europe-west4","13","44","10.0","209","170","2021-12-24T08:00:00.000Z","No owner tags in Wiz; subscription metadata missing"
"Wiz","AWS","010f522c-1302-58f6-8ef5-d493e4e96691","","","","us-east-1","37","41","9.8","40","239","2021-11-17T08:00:00.000Z","No owner tags in Wiz; subscription metadata missing"
"Wiz","AWS","027d5d35-9f0f-51af-92f6-5c0e1b8ed4a4","","","","us-east-1","70","40","9.8","92","384","2022-03-17T07:00:00.000Z","No owner tags in Wiz; subscription metadata missing"
"Wiz","GCP","1ea7a000-9d00-5c58-9c3f-a31183278b68","","","","asia-south1","122","39","10.0","325","794","2021-12-24T08:00:00.000Z","No owner tags in Wiz; subscription metadata missing"
"Wiz","AWS","0eed8d3e-1b4d-5a6c-b5f0-a1c5518f94e4","","","","eu-west-1","17","37","10.0","103","144","2021-11-17T08:00:00.000Z","No owner tags in Wiz; subscription metadata missing"
"Wiz","GCP","4d2d497a-15a7-5d17-a9b1-389f43dead9b","","","","asia-south1","45","36","10.0","431","379","2022-03-17T07:00:00.000Z","No owner tags in Wiz; subscription metadata missing"
"Wiz","GCP","5155d035-97be-5d19-9606-807cc7acde7d","","","","us-east4","36","35","10.0","117","345","2022-03-17T07:00:00.000Z","No owner tags in Wiz; subscription metadata missing"
"Wiz","GCP","4ff6dfc0-1be9-5b8d-b1f0-b73200ce3c73","","","","asia-south1","20","35","10.0","20","146","2022-03-17T07:00:00.000Z","No owner tags in Wiz; subscription metadata missing"
"Wiz","GCP","2609141b-842e-5311-bdb2-afc5b83406b4","","","","us-west1","5","34","8.8","0","36","2022-03-24T07:00:00.000Z","No owner tags in Wiz; subscription metadata missing"
"Wiz","Azure","027d5d35-9f0f-51af-92f6-5c0e1b8ed4a4","","","","eastus","72","32","10.0","42","320","2021-12-24T08:00:00.000Z","No owner tags in Wiz; subscription metadata missing"
"Wiz","AWS","556e699c-3aaa-572e-a3bb-18aefee89390","","","","us-east-1","32","30","9.8","82","126","2022-03-17T07:00:00.000Z","No owner tags in Wiz; subscription metadata missing"
"Wiz","GCP","5155d035-97be-5d19-9606-807cc7acde7d","","","","asia-south1","17","30","10.0","50","141","2022-03-17T07:00:00.000Z","No owner tags in Wiz; subscription metadata missing"
"Wiz","Azure","010f522c-1302-58f6-8ef5-d493e4e96691","","","","westus","16","30","9.8","10","120","2022-07-10T07:00:00.000Z","No owner tags in Wiz; subscription metadata missing"
"Wiz","GCP","013dd047-87d2-54a1-ba6b-30e0979c3540","","","","europe-west6","4","30","10.0","8","102","2022-07-10T07:00:00.000Z","No owner tags in Wiz; subscription metadata missing"
"Wiz","","","","","","","4","30","8.8","0","42","2022-07-10T07:00:00.000Z","No owner tags in Wiz; subscription metadata missing"
"Wiz","Azure","027d5d35-9f0f-51af-92f6-5c0e1b8ed4a4","","","","centralindia","53","29","10.0","41","460","2021-12-24T08:00:00.000Z","No owner tags in Wiz; subscription metadata missing"
"Wiz","GCP","027d5d35-9f0f-51af-92f6-5c0e1b8ed4a4","","","","us-east4","46","28","9.8","86","247","2022-03-17T07:00:00.000Z","No owner tags in Wiz; subscription metadata missing"
"Wiz","GCP","154c3543-ed55-59db-90c5-4eaf5758958b","","","","asia-south1","38","27","10.0","23","144","2022-03-21T07:00:00.000Z","No owner tags in Wiz; subscription metadata missing"
"Wiz","AWS","1ea7a000-9d00-5c58-9c3f-a31183278b68","","","","eu-west-1","55","26","9.8","170","539","2022-03-17T07:00:00.000Z","No owner tags in Wiz; subscription metadata missing"
"Wiz","AWS","1ea7a000-9d00-5c58-9c3f-a31183278b68","","","","us-east-1","21","26","9.8","135","220","2022-03-17T07:00:00.000Z","No owner tags in Wiz; subscription metadata missing"
"Wiz","Azure","013dd047-87d2-54a1-ba6b-30e0979c3540","","","","eastus2","289","25","9.8","32","1069","2022-07-10T07:00:00.000Z","No owner tags in Wiz; subscription metadata missing"
"Wiz","GCP","05331c53-fed0-5f90-a528-743f5f637842","","","","us-east4","49","25","9.8","75","313","2022-07-10T07:00:00.000Z","No owner tags in Wiz; subscription metadata missing"
"Wiz","AWS","556e699c-3aaa-572e-a3bb-18aefee89390","","","","us-west-2","39","25","9.8","28","129","2022-03-24T07:00:00.000Z","No owner tags in Wiz; subscription metadata missing"
"Wiz","AWS","013dd047-87d2-54a1-ba6b-30e0979c3540","","","","us-east-1","180","24","9.8","16","265","2022-03-17T07:00:00.000Z","No owner tags in Wiz; subscription metadata missing"
"Wiz","Azure","2063015e-7c19-5d99-a338-323ab68b073c","","","","eastus","227","22","9.8","20","362","2022-03-21T07:00:00.000Z","No owner tags in Wiz; subscription metadata missing"
"Wiz","AWS","2c16d970-d87b-523f-b86c-316ca2b42b72","","","","us-east-1","42","22","9.8","190","384","2022-03-17T07:00:00.000Z","No owner tags in Wiz; subscription metadata missing"
"Wiz","Azure","083dfde4-70f5-579f-84dd-e76fe8882830","","","","uksouth","37","22","9.8","1","87","2022-07-10T07:00:00.000Z","No owner tags in Wiz; subscription metadata missing"
"Wiz","Azure","0eed8d3e-1b4d-5a6c-b5f0-a1c5518f94e4","","","","westeurope","20","22","9.8","6","100","2023-10-31T07:00:00.000Z","No owner tags in Wiz; subscription metadata missing"
"Wiz","AWS","1ea7a000-9d00-5c58-9c3f-a31183278b68","","","","us-west-2","17","22","9.8","87","155","2022-03-17T07:00:00.000Z","No owner tags in Wiz; subscription metadata missing"
"Wiz","Azure","013dd047-87d2-54a1-ba6b-30e0979c3540","","","","westeurope","108","21","9.8","20","385","2022-03-21T07:00:00.000Z","No owner tags in Wiz; subscription metadata missing"
"Wiz","AWS","013dd047-87d2-54a1-ba6b-30e0979c3540","","","","us-west-2","45","21","10.0","49","108","2023-10-31T07:00:00.000Z","No owner tags in Wiz; subscription metadata missing"
"Wiz","AWS","2c16d970-d87b-523f-b86c-316ca2b42b72","","","","eu-west-1","31","21","9.8","72","236","2022-03-17T07:00:00.000Z","No owner tags in Wiz; subscription metadata missing"
"Wiz","Azure","0c88c02d-3895-5272-b285-fcb27e1ca1fb","","","","eastus","7","21","10.0","24","107","2021-12-24T08:00:00.000Z","No owner tags in Wiz; subscription metadata missing"
"Wiz","Azure","013dd047-87d2-54a1-ba6b-30e0979c3540","","","","centralindia","114","20","9.8","27","244","2022-08-10T07:00:00.000Z","No owner tags in Wiz; subscription metadata missing"
"Wiz","AWS","2c16d970-d87b-523f-b86c-316ca2b42b72","","","","us-west-2","26","20","9.8","35","145","2022-03-17T07:00:00.000Z","No owner tags in Wiz; subscription metadata missing"
"Wiz","AWS","013dd047-87d2-54a1-ba6b-30e0979c3540","","","","us-west-1","10","20","9.8","14","47","2022-03-21T07:00:00.000Z","No owner tags in Wiz; subscription metadata missing"
"Wiz","GCP","03335b8c-713e-50b1-b5bb-f588e515c52c","","","","us-west1","17","19","10.0","934","569","2021-12-15T08:00:00.000Z","No owner tags in Wiz; subscription metadata missing"
"Wiz","AWS","0eed8d3e-1b4d-5a6c-b5f0-a1c5518f94e4","","","","us-west-1","10","19","10.0","8","42","2021-11-17T08:00:00.000Z","No owner tags in Wiz; subscription metadata missing"
"Wiz","GCP","377c1fa6-02bf-5a39-9c84-b43b498c7e65","","","","europe-west4","1","19","8.8","0","17","2022-07-10T07:00:00.000Z","No owner tags in Wiz; subscription metadata missing"
"Wiz","AWS","013dd047-87d2-54a1-ba6b-30e0979c3540","","","","us-east-2","52","18","9.8","6","99","2023-08-09T07:00:00.000Z","No owner tags in Wiz; subscription metadata missing"
"Wiz","Azure","027d5d35-9f0f-51af-92f6-5c0e1b8ed4a4","","","","westeurope","18","18","9.8","14","129","2022-07-10T07:00:00.000Z","No owner tags in Wiz; subscription metadata missing"
"Wiz","AWS","027d5d35-9f0f-51af-92f6-5c0e1b8ed4a4","","","","us-west-2","10","18","9.8","17","44","2022-03-17T07:00:00.000Z","No owner tags in Wiz; subscription metadata missing"
"Wiz","AWS","556e699c-3aaa-572e-a3bb-18aefee89390","","","","ap-south-1","2","18","9.8","12","19","2022-03-17T07:00:00.000Z","No owner tags in Wiz; subscription metadata missing"
"Wiz","AWS","010f522c-1302-58f6-8ef5-d493e4e96691","","","","us-east-2","1","18","8.8","0","17","2025-06-03T07:00:00.000Z","No owner tags in Wiz; subscription metadata missing"
"Wiz","Azure","013dd047-87d2-54a1-ba6b-30e0979c3540","","","","japaneast","97","17","9.8","26","315","2023-10-31T07:00:00.000Z","No owner tags in Wiz; subscription metadata missing"
"Wiz","GCP","154c3543-ed55-59db-90c5-4eaf5758958b","","","","us-east4","16","17","9.8","8","53","2023-10-31T07:00:00.000Z","No owner tags in Wiz; subscription metadata missing"
"Wiz","Azure","013dd047-87d2-54a1-ba6b-30e0979c3540","","","","westus","31","16","9.8","11","94","2023-03-31T07:00:00.000Z","No owner tags in Wiz; subscription metadata missing"
"Wiz","Azure","013dd047-87d2-54a1-ba6b-30e0979c3540","","","","centralus","42","15","9.8","11","195","2025-04-17T07:00:00.000Z","No owner tags in Wiz; subscription metadata missing"
"Wiz","Azure","013dd047-87d2-54a1-ba6b-30e0979c3540","","","","australiaeast","30","15","9.8","8","137","2023-10-31T07:00:00.000Z","No owner tags in Wiz; subscription metadata missing"
"Wiz","","013dd047-87d2-54a1-ba6b-30e0979c3540","","","","","28","15","9.3","2","52","2022-07-10T07:00:00.000Z","No owner tags in Wiz; subscription metadata missing"
"Wiz","AWS","013dd047-87d2-54a1-ba6b-30e0979c3540","","","","eu-west-3","14","15","9.8","9","36","2023-10-31T07:00:00.000Z","No owner tags in Wiz; subscription metadata missing"
"Wiz","AWS","2c16d970-d87b-523f-b86c-316ca2b42b72","","","","us-west-1","10","15","9.8","24","88","2022-03-17T07:00:00.000Z","No owner tags in Wiz; subscription metadata missing"
"Wiz","GCP","027d5d35-9f0f-51af-92f6-5c0e1b8ed4a4","","","","asia-south1","9","15","8.8","0","38","2023-10-31T07:00:00.000Z","No owner tags in Wiz; subscription metadata missing"
"Wiz","AWS","1a0f1772-9919-50c1-9302-c75d7982cd06","","","","us-east-1","4","15","9.8","4","17","2023-10-31T07:00:00.000Z","No owner tags in Wiz; subscription metadata missing"
"Wiz","Azure","013dd047-87d2-54a1-ba6b-30e0979c3540","","","","southeastasia","44","14","9.8","14","151","2022-07-10T07:00:00.000Z","No owner tags in Wiz; subscription metadata missing"
"Wiz","Azure","0eed8d3e-1b4d-5a6c-b5f0-a1c5518f94e4","","","","","27","14","9.8","1","45","2022-07-10T07:00:00.000Z","No owner tags in Wiz; subscription metadata missing"
"Wiz","Azure","0eed8d3e-1b4d-5a6c-b5f0-a1c5518f94e4","","","","eastus","23","14","9.8","13","70","2023-10-31T07:00:00.000Z","No owner tags in Wiz; subscription metadata missing"
"Wiz","GCP","013dd047-87d2-54a1-ba6b-30e0979c3540","","","","northamerica-northeast1","1","14","10.0","1","12","2022-07-10T07:00:00.000Z","No owner tags in Wiz; subscription metadata missing"
"Wiz","Azure","013dd047-87d2-54a1-ba6b-30e0979c3540","","","","southindia","28","13","9.8","8","57","2023-10-31T07:00:00.000Z","No owner tags in Wiz; subscription metadata missing"
"Wiz","Azure","013dd047-87d2-54a1-ba6b-30e0979c3540","","","","northeurope","24","13","9.8","4","63","2023-10-31T07:00:00.000Z","No owner tags in Wiz; subscription metadata missing"
"Wiz","Azure","013dd047-87d2-54a1-ba6b-30e0979c3540","","","","westcentralus","23","13","9.8","5","62","2023-07-14T07:00:00.000Z","No owner tags in Wiz; subscription metadata missing"
"Wiz","Azure","083dfde4-70f5-579f-84dd-e76fe8882830","","","","westeurope","18","13","9.8","6","33","2022-04-15T07:00:00.000Z","No owner tags in Wiz; subscription metadata missing"
"Wiz","Azure","013dd047-87d2-54a1-ba6b-30e0979c3540","","","","southcentralus","15","13","9.8","10","56","2023-10-31T07:00:00.000Z","No owner tags in Wiz; subscription metadata missing"
"Wiz","Azure","0eed8d3e-1b4d-5a6c-b5f0-a1c5518f94e4","","","","westus","7","13","8.8","0","27","2023-10-31T07:00:00.000Z","No owner tags in Wiz; subscription metadata missing"
"Wiz","GCP","2063015e-7c19-5d99-a338-323ab68b073c","","","","asia-south1","7","13","9.8","8","45","2022-03-21T07:00:00.000Z","No owner tags in Wiz; subscription metadata missing"
"Wiz","AWS","1ea7a000-9d00-5c58-9c3f-a31183278b68","","","","eu-central-1","6","13","9.8","6","24","2022-04-15T07:00:00.000Z","No owner tags in Wiz; subscription metadata missing"
"Wiz","AWS","1ea7a000-9d00-5c58-9c3f-a31183278b68","","","","ca-central-1","6","13","9.8","23","32","2022-04-15T07:00:00.000Z","No owner tags in Wiz; subscription metadata missing"
"Wiz","AWS","30b05cc3-0f5f-54c2-90b3-00be459651fe","","","","us-east-1","36","12","8.8","0","48","2025-02-27T08:00:00.000Z","No owner tags in Wiz; subscription metadata missing"
"Wiz","Azure","013dd047-87d2-54a1-ba6b-30e0979c3540","","","","uksouth","27","12","9.8","6","56","2023-10-31T07:00:00.000Z","No owner tags in Wiz; subscription metadata missing"
"Wiz","AWS","013dd047-87d2-54a1-ba6b-30e0979c3540","","","","ap-southeast-2","23","12","9.8","17","55","2024-01-24T08:00:00.000Z","No owner tags in Wiz; subscription metadata missing"
"Wiz","Azure","013dd047-87d2-54a1-ba6b-30e0979c3540","","","","australiasoutheast","12","12","9.8","10","100","2025-04-17T07:00:00.000Z","No owner tags in Wiz; subscription metadata missing"
"Wiz","Azure","0eed8d3e-1b4d-5a6c-b5f0-a1c5518f94e4","","","","eastus2","11","12","9.8","3","37","2023-10-31T07:00:00.000Z","No owner tags in Wiz; subscription metadata missing"
"Wiz","Azure","027d5d35-9f0f-51af-92f6-5c0e1b8ed4a4","","","","westus2","9","12","9.8","7","56","2022-07-10T07:00:00.000Z","No owner tags in Wiz; subscription metadata missing"
"Wiz","AWS","2063015e-7c19-5d99-a338-323ab68b073c","","","","us-west-2","8","12","9.8","6","35","2023-10-31T07:00:00.000Z","No owner tags in Wiz; subscription metadata missing"
"Wiz","Azure","083dfde4-70f5-579f-84dd-e76fe8882830","","","","eastus2","7","12","9.8","6","36","2022-03-21T07:00:00.000Z","No owner tags in Wiz; subscription metadata missing"
"Wiz","AWS","556e699c-3aaa-572e-a3bb-18aefee89390","","","","eu-west-1","3","12","9.8","4","10","2025-04-22T07:00:00.000Z","No owner tags in Wiz; subscription metadata missing"
"Wiz","AWS","928abcfb-fd5e-52be-bb66-83288cdf9a70","","","","us-east-1","3","12","9.8","2","21","2023-10-04T07:00:00.000Z","No owner tags in Wiz; subscription metadata missing"
"Wiz","Azure","322dad21-92b4-550c-93bd-87233cc64eaa","","","","eastus","1","12","9.8","6","13","2022-03-17T07:00:00.000Z","No owner tags in Wiz; subscription metadata missing"
"Wiz","AWS","013dd047-87d2-54a1-ba6b-30e0979c3540","","","","ap-south-1","19","11","9.3","22","33","2023-10-31T07:00:00.000Z","No owner tags in Wiz; subscription metadata missing"
"Wiz","Azure","01c324dc-7b47-511d-a29b-2547f1304b2a","","","","eastus","19","11","9.8","3","54","2025-06-26T07:00:00.000Z","No owner tags in Wiz; subscription metadata missing"
"Wiz","AWS","0eed8d3e-1b4d-5a6c-b5f0-a1c5518f94e4","","","","eu-central-1","13","11","9.8","6","32","2022-04-15T07:00:00.000Z","No owner tags in Wiz; subscription metadata missing"
"Wiz","GCP","027d5d35-9f0f-51af-92f6-5c0e1b8ed4a4","","","","us-east1","3","11","9.8","14","13","2023-01-03T08:00:00.000Z","No owner tags in Wiz; subscription metadata missing"
"Wiz","AWS","2c16d970-d87b-523f-b86c-316ca2b42b72","","","","ap-southeast-1","3","11","9.8","2","19","2023-10-31T07:00:00.000Z","No owner tags in Wiz; subscription metadata missing"
"Wiz","AWS","1ea7a000-9d00-5c58-9c3f-a31183278b68","","","","us-west-1","2","11","9.8","8","11","2023-10-31T07:00:00.000Z","No owner tags in Wiz; subscription metadata missing"
"Wiz","GCP","013dd047-87d2-54a1-ba6b-30e0979c3540","","","","asia-east1","2","11","8.1","0","16","2023-04-20T07:00:00.000Z","No owner tags in Wiz; subscription metadata missing"
"Wiz","AWS","5155d035-97be-5d19-9606-807cc7acde7d","","","","us-east-1","1","11","9.8","4","11","2022-03-17T07:00:00.000Z","No owner tags in Wiz; subscription metadata missing"
"Wiz","AWS","05005c23-b7e1-5296-8f4e-e9a63659806f","","","","eu-west-1","1","11","9.8","14","12","2023-10-31T07:00:00.000Z","No owner tags in Wiz; subscription metadata missing"
"Wiz","AWS","5155d035-97be-5d19-9606-807cc7acde7d","","","","us-east-2","1","11","9.8","2","9","2023-10-31T07:00:00.000Z","No owner tags in Wiz; subscription metadata missing"
"Wiz","Azure","013dd047-87d2-54a1-ba6b-30e0979c3540","","","","australiacentral","1","11","9.8","2","9","2023-10-04T07:00:00.000Z","No owner tags in Wiz; subscription metadata missing"
"Wiz","GCP","2063015e-7c19-5d99-a338-323ab68b073c","","","","us-central1","1","11","8.1","0","9","2023-04-20T07:00:00.000Z","No owner tags in Wiz; subscription metadata missing"
"Wiz","AWS","2063015e-7c19-5d99-a338-323ab68b073c","","","","us-east-1","27","10","9.8","1","74","2023-10-31T07:00:00.000Z","No owner tags in Wiz; subscription metadata missing"
"Wiz","Azure","76194762-c464-54dd-9fae-4193ddb27314","","","","centralindia","11","10","8.8","0","39","2023-10-31T07:00:00.000Z","No owner tags in Wiz; subscription metadata missing"
"Wiz","","0eed8d3e-1b4d-5a6c-b5f0-a1c5518f94e4","","","","","8","10","8.8","0","24","2022-07-10T07:00:00.000Z","No owner tags in Wiz; subscription metadata missing"
"Wiz","Azure","0eed8d3e-1b4d-5a6c-b5f0-a1c5518f94e4","","","","australiaeast","4","10","9.8","1","17","2023-10-31T07:00:00.000Z","No owner tags in Wiz; subscription metadata missing"
"Wiz","AWS","556e699c-3aaa-572e-a3bb-18aefee89390","","","","us-west-1","3","10","9.8","5","9","2023-10-31T07:00:00.000Z","No owner tags in Wiz; subscription metadata missing"
"Wiz","Azure","556e699c-3aaa-572e-a3bb-18aefee89390","","","","eastus","2","10","9.8","1","15","2023-10-31T07:00:00.000Z","No owner tags in Wiz; subscription metadata missing"
"Wiz","GCP","013dd047-87d2-54a1-ba6b-30e0979c3540","","","","asia-south1","1","10","8.1","0","9","2022-05-02T07:00:00.000Z","No owner tags in Wiz; subscription metadata missing"
"Wiz","Azure","30b05cc3-0f5f-54c2-90b3-00be459651fe","","","","japaneast","28","9","9.8","2","58","2025-10-14T07:00:00.000Z","No owner tags in Wiz; subscription metadata missing"
"Wiz","Azure","013dd047-87d2-54a1-ba6b-30e0979c3540","","","","","22","9","9.8","8","39","2021-11-17T08:00:00.000Z","No owner tags in Wiz; subscription metadata missing"
"Wiz","AWS","1a0f1772-9919-50c1-9302-c75d7982cd06","","","","us-west-2","9","9","9.8","9","25","2023-10-04T07:00:00.000Z","No owner tags in Wiz; subscription metadata missing"
"Wiz","Azure","30b05cc3-0f5f-54c2-90b3-00be459651fe","","","","westeurope","7","9","9.8","1","19","2025-06-26T07:00:00.000Z","No owner tags in Wiz; subscription metadata missing"
"Wiz","Azure","0eed8d3e-1b4d-5a6c-b5f0-a1c5518f94e4","","","","japaneast","7","9","9.8","1","16","2025-06-26T07:00:00.000Z","No owner tags in Wiz; subscription metadata missing"
"Wiz","Azure","013dd047-87d2-54a1-ba6b-30e0979c3540","","","","ukwest","6","9","9.8","1","16","2025-06-26T07:00:00.000Z","No owner tags in Wiz; subscription metadata missing"
"Wiz","AWS","1ea7a000-9d00-5c58-9c3f-a31183278b68","","","","ap-southeast-1","5","9","9.8","17","15","2023-10-31T07:00:00.000Z","No owner tags in Wiz; subscription metadata missing"
"Wiz","Azure","0eed8d3e-1b4d-5a6c-b5f0-a1c5518f94e4","","","","japanwest","5","9","9.8","1","12","2025-06-26T07:00:00.000Z","No owner tags in Wiz; subscription metadata missing"
"Wiz","Azure","1b251e3c-c66a-572a-9ed4-52beb90dbae6","","","","japaneast","3","9","9.8","2","14","2023-03-07T08:00:00.000Z","No owner tags in Wiz; subscription metadata missing"
"Wiz","AWS","5155d035-97be-5d19-9606-807cc7acde7d","","","","ap-south-1","3","9","8.8","0","17","2023-10-31T07:00:00.000Z","No owner tags in Wiz; subscription metadata missing"
"Wiz","Azure","013dd047-87d2-54a1-ba6b-30e0979c3540","","","","northcentralus","1","9","9.8","1","9","2025-06-26T07:00:00.000Z","No owner tags in Wiz; subscription metadata missing"
"Wiz","Azure","027d5d35-9f0f-51af-92f6-5c0e1b8ed4a4","","","","eastus2","1","9","9.8","1","8","2025-06-26T07:00:00.000Z","No owner tags in Wiz; subscription metadata missing"
"Wiz","Azure","377c1fa6-02bf-5a39-9c84-b43b498c7e65","","","","westus2","1","9","9.8","1","8","2025-06-26T07:00:00.000Z","No owner tags in Wiz; subscription metadata missing"
"Wiz","Azure","013dd047-87d2-54a1-ba6b-30e0979c3540","","","","eastasia","13","8","9.8","2","19","2022-05-03T07:00:00.000Z","No owner tags in Wiz; subscription metadata missing"
"Wiz","AWS","0eed8d3e-1b4d-5a6c-b5f0-a1c5518f94e4","","","","ap-south-1","12","8","9.3","2","35","2023-10-31T07:00:00.000Z","No owner tags in Wiz; subscription metadata missing"
"Wiz","Azure","1ea7a000-9d00-5c58-9c3f-a31183278b68","","","","westeurope","3","8","9.8","33","26","2022-03-17T07:00:00.000Z","No owner tags in Wiz; subscription metadata missing"
"Wiz","","1ea7a000-9d00-5c58-9c3f-a31183278b68","","","","","19","7","9.8","1","26","2022-05-03T07:00:00.000Z","No owner tags in Wiz; subscription metadata missing"
"Wiz","AWS","03335b8c-713e-50b1-b5bb-f588e515c52c","","","","us-west-2","16","7","9.8","885","530","2022-03-17T07:00:00.000Z","No owner tags in Wiz; subscription metadata missing"
"Wiz","Azure","01c324dc-7b47-511d-a29b-2547f1304b2a","","","","centralindia","8","7","9.8","1","21","2025-10-14T07:00:00.000Z","No owner tags in Wiz; subscription metadata missing"
"Wiz","Azure","154c3543-ed55-59db-90c5-4eaf5758958b","","","","eastus","7","7","9.8","2","11","2025-04-22T07:00:00.000Z","No owner tags in Wiz; subscription metadata missing"
"Wiz","Azure","5155d035-97be-5d19-9606-807cc7acde7d","","","","eastus","5","7","9.8","1","12","2025-10-14T07:00:00.000Z","No owner tags in Wiz; subscription metadata missing"
"Wiz","Azure","30b05cc3-0f5f-54c2-90b3-00be459651fe","","","","","4","7","8.8","0","18","2022-07-10T07:00:00.000Z","No owner tags in Wiz; subscription metadata missing"
"Wiz","AWS","1a0f1772-9919-50c1-9302-c75d7982cd06","","","","eu-central-1","4","7","9.8","1","10","2025-10-14T07:00:00.000Z","No owner tags in Wiz; subscription metadata missing"
"Wiz","AWS","47b45993-4068-50bd-9e74-a876aaf4bcf5","","","","us-east-1","3","7","8.0","0","12","2024-06-20T07:00:00.000Z","No owner tags in Wiz; subscription metadata missing"
"Wiz","GCP","4d2d497a-15a7-5d17-a9b1-389f43dead9b","","","","us-west1","2","7","9.8","5","9","2023-10-31T07:00:00.000Z","No owner tags in Wiz; subscription metadata missing"
"Wiz","Azure","8b3111bd-c4f2-5e26-8375-1553d08d0faa","","","","centralindia","1","7","9.8","1","6","2025-10-14T07:00:00.000Z","No owner tags in Wiz; subscription metadata missing"
"Wiz","GCP","02c18c34-89ce-5c53-ba2a-fa5cece38668","","","","us-central1","1","7","9.8","1","6","2025-10-14T07:00:00.000Z","No owner tags in Wiz; subscription metadata missing"
"Wiz","Azure","0eed8d3e-1b4d-5a6c-b5f0-a1c5518f94e4","","","","westus2","7","6","8.8","0","14","2024-01-24T08:00:00.000Z","No owner tags in Wiz; subscription metadata missing"
"Wiz","Azure","2930aad2-b669-5ac0-b387-afbab6cc2174","","","","japanwest","5","6","9.3","6","7","2022-03-24T07:00:00.000Z","No owner tags in Wiz; subscription metadata missing"
"Wiz","AWS","2063015e-7c19-5d99-a338-323ab68b073c","","","","us-east-2","5","6","9.6","1","9","2022-03-21T07:00:00.000Z","No owner tags in Wiz; subscription metadata missing"
"Wiz","AWS","4ff6dfc0-1be9-5b8d-b1f0-b73200ce3c73","","","","us-west-2","4","6","9.8","3","6","2022-03-17T07:00:00.000Z","No owner tags in Wiz; subscription metadata missing"
"Wiz","Azure","0eed8d3e-1b4d-5a6c-b5f0-a1c5518f94e4","","","","southeastasia","3","6","8.8","0","8","2023-10-31T07:00:00.000Z","No owner tags in Wiz; subscription metadata missing"
"Wiz","AWS","116d4d62-7d4b-5b48-b3a6-97530b3ab7cb","","","","ap-south-1","1","6","9.8","3","7","2023-10-31T07:00:00.000Z","No owner tags in Wiz; subscription metadata missing"
"Wiz","AWS","03335b8c-713e-50b1-b5bb-f588e515c52c","","","","ap-south-1","1","6","7.8","0","6","2022-05-16T07:00:00.000Z","No owner tags in Wiz; subscription metadata missing"
"Wiz","Azure","154c3543-ed55-59db-90c5-4eaf5758958b","","","","westeurope","1","6","9.8","2","5","2022-03-21T07:00:00.000Z","No owner tags in Wiz; subscription metadata missing"
"Wiz","AWS","013dd047-87d2-54a1-ba6b-30e0979c3540","","","","eu-west-2","16","5","8.8","0","24","2026-01-02T08:00:00.000Z","No owner tags in Wiz; subscription metadata missing"
"Wiz","Azure","0e422c82-660e-5ac6-81e9-2c58dabcd55d","","","","eastus","14","5","9.3","28","18","2024-01-24T08:00:00.000Z","No owner tags in Wiz; subscription metadata missing"
"Wiz","","2063015e-7c19-5d99-a338-323ab68b073c","","","","","14","5","9.8","4","43","2021-11-17T08:00:00.000Z","No owner tags in Wiz; subscription metadata missing"
"Wiz","AWS","0eed8d3e-1b4d-5a6c-b5f0-a1c5518f94e4","","","","eu-west-2","8","5","9.3","2","13","2023-10-31T07:00:00.000Z","No owner tags in Wiz; subscription metadata missing"
"Wiz","Azure","0e422c82-660e-5ac6-81e9-2c58dabcd55d","","","","australiaeast","6","5","9.3","12","10","2024-01-24T08:00:00.000Z","No owner tags in Wiz; subscription metadata missing"
"Wiz","Azure","","","","","spaincentral","5","5","8.8","0","13","2025-09-02T07:00:00.000Z","No owner tags in Wiz; subscription metadata missing"
"Wiz","AWS","1ea7a000-9d00-5c58-9c3f-a31183278b68","","","","us-east-2","4","5","9.8","9","14","2023-10-31T07:00:00.000Z","No owner tags in Wiz; subscription metadata missing"
"Wiz","Azure","027d5d35-9f0f-51af-92f6-5c0e1b8ed4a4","","","","westus","4","5","9.8","1","5","2025-04-22T07:00:00.000Z","No owner tags in Wiz; subscription metadata missing"
"Wiz","GCP","027d5d35-9f0f-51af-92f6-5c0e1b8ed4a4","","","","europe-west4","4","5","9.1","0","5","2022-07-10T07:00:00.000Z","No owner tags in Wiz; subscription metadata missing"
"Wiz","GCP","05331c53-fed0-5f90-a528-743f5f637842","","","","us-west1","3","5","8.1","0","12","2025-02-26T08:00:00.000Z","No owner tags in Wiz; subscription metadata missing"
"Wiz","AWS","47b45993-4068-50bd-9e74-a876aaf4bcf5","","","","us-west-2","3","5","9.8","3","6","2023-10-31T07:00:00.000Z","No owner tags in Wiz; subscription metadata missing"
"Wiz","Azure","0e422c82-660e-5ac6-81e9-2c58dabcd55d","","","","northeurope","2","5","9.3","4","6","2024-01-24T08:00:00.000Z","No owner tags in Wiz; subscription metadata missing"
"Wiz","AWS","4d2d497a-15a7-5d17-a9b1-389f43dead9b","","","","us-west-2","2","5","9.8","2","3","2022-03-17T07:00:00.000Z","No owner tags in Wiz; subscription metadata missing"
"Wiz","Azure","322dad21-92b4-550c-93bd-87233cc64eaa","","","","eastus2","1","5","9.8","4","7","2023-10-31T07:00:00.000Z","No owner tags in Wiz; subscription metadata missing"
"Wiz","","12517423-bfb6-5f8e-bedf-fc79e30779d3","","","","","28","4","8.1","0","45","2023-10-31T07:00:00.000Z","No owner tags in Wiz; subscription metadata missing"
"Wiz","AWS","2930aad2-b669-5ac0-b387-afbab6cc2174","","","","ap-northeast-1","18","4","9.3","4","64","2023-10-31T07:00:00.000Z","No owner tags in Wiz; subscription metadata missing"
"Wiz","","556e699c-3aaa-572e-a3bb-18aefee89390","","","","","17","4","9.8","5","26","2023-10-31T07:00:00.000Z","No owner tags in Wiz; subscription metadata missing"
"Wiz","Azure","12517423-bfb6-5f8e-bedf-fc79e30779d3","","","","northeurope","10","4","8.8","0","3","2023-07-14T07:00:00.000Z","No owner tags in Wiz; subscription metadata missing"
"Wiz","AWS","0eed8d3e-1b4d-5a6c-b5f0-a1c5518f94e4","","","","ap-southeast-2","7","4","9.8","4","13","2022-04-15T07:00:00.000Z","No owner tags in Wiz; subscription metadata missing"
"Wiz","AWS","0eed8d3e-1b4d-5a6c-b5f0-a1c5518f94e4","","","","us-east-2","6","4","9.3","2","10","2023-10-31T07:00:00.000Z","No owner tags in Wiz; subscription metadata missing"
"Wiz","AWS","4d2d497a-15a7-5d17-a9b1-389f43dead9b","","","","us-west-1","4","4","9.8","8","6","2023-10-31T07:00:00.000Z","No owner tags in Wiz; subscription metadata missing"
"Wiz","AWS","4d2d497a-15a7-5d17-a9b1-389f43dead9b","","","","ap-south-1","4","4","9.8","3","5","2023-10-31T07:00:00.000Z","No owner tags in Wiz; subscription metadata missing"
"Wiz","","4ff6dfc0-1be9-5b8d-b1f0-b73200ce3c73","","","","","4","4","9.6","0","7","2021-11-17T08:00:00.000Z","No owner tags in Wiz; subscription metadata missing"
"Wiz","AWS","322dad21-92b4-550c-93bd-87233cc64eaa","","","","eu-west-1","2","4","8.8","0","4","2026-03-03T08:00:00.000Z","No owner tags in Wiz; subscription metadata missing"
"Wiz","AWS","556e699c-3aaa-572e-a3bb-18aefee89390","","","","eu-west-3","2","4","9.8","5","4","2024-09-09T07:00:00.000Z","No owner tags in Wiz; subscription metadata missing"
"Wiz","Azure","13a68128-a3fc-516b-8180-1bf2444c8ef2","","","","australiaeast","2","4","8.8","0","7","2026-03-03T08:00:00.000Z","No owner tags in Wiz; subscription metadata missing"
"Wiz","Azure","1b251e3c-c66a-572a-9ed4-52beb90dbae6","","","","uksouth","2","4","8.8","0","5","2026-03-03T08:00:00.000Z","No owner tags in Wiz; subscription metadata missing"
"Wiz","Azure","4ba4f4c4-cb4e-5486-bfdd-e1e2d70515a1","","","","eastasia","1","4","8.8","0","4","2025-02-27T08:00:00.000Z","No owner tags in Wiz; subscription metadata missing"
"Wiz","AWS","013dd047-87d2-54a1-ba6b-30e0979c3540","","","","eu-north-1","1","4","7.8","0","4","2024-06-20T07:00:00.000Z","No owner tags in Wiz; subscription metadata missing"
"Wiz","Azure","30b05cc3-0f5f-54c2-90b3-00be459651fe","","","","eastus","17","3","8.8","0","23","2026-01-19T08:00:00.000Z","No owner tags in Wiz; subscription metadata missing"
"Wiz","Azure","","","","","centralindia","15","3","8.8","0","38","2026-03-03T08:00:00.000Z","No owner tags in Wiz; subscription metadata missing"
"Wiz","AWS","13a68128-a3fc-516b-8180-1bf2444c8ef2","","","","us-east-1","10","3","8.8","0","12","2026-03-03T08:00:00.000Z","No owner tags in Wiz; subscription metadata missing"
"Wiz","AWS","013dd047-87d2-54a1-ba6b-30e0979c3540","","","","eu-central-1","8","3","8.8","0","16","2026-02-16T08:00:00.000Z","No owner tags in Wiz; subscription metadata missing"
"Wiz","","083dfde4-70f5-579f-84dd-e76fe8882830","","","","","7","3","9.8","3","12","2023-10-31T07:00:00.000Z","No owner tags in Wiz; subscription metadata missing"
"Wiz","Azure","1853a85e-80e7-5597-8c9b-059cb75f6031","","","","","6","3","9.6","2","5","2021-11-17T08:00:00.000Z","No owner tags in Wiz; subscription metadata missing"
"Wiz","","47b45993-4068-50bd-9e74-a876aaf4bcf5","","","","","5","3","8.1","0","17","2023-10-31T07:00:00.000Z","No owner tags in Wiz; subscription metadata missing"
"Wiz","Azure","","","","","eastus","4","3","8.8","0","8","2026-03-03T08:00:00.000Z","No owner tags in Wiz; subscription metadata missing"
"Wiz","Azure","013dd047-87d2-54a1-ba6b-30e0979c3540","","","","germanywestcentral","4","3","8.8","0","6","2026-03-03T08:00:00.000Z","No owner tags in Wiz; subscription metadata missing"
"Wiz","AWS","13a68128-a3fc-516b-8180-1bf2444c8ef2","","","","us-west-2","3","3","8.8","0","7","2026-03-03T08:00:00.000Z","No owner tags in Wiz; subscription metadata missing"
"Wiz","GCP","010f522c-1302-58f6-8ef5-d493e4e96691","","","","europe-west4","2","3","9.8","8","34","2023-10-31T07:00:00.000Z","No owner tags in Wiz; subscription metadata missing"
"Wiz","GCP","013dd047-87d2-54a1-ba6b-30e0979c3540","","","","europe-west8","2","3","8.8","0","3","2022-07-10T07:00:00.000Z","No owner tags in Wiz; subscription metadata missing"
"Wiz","Azure","30b05cc3-0f5f-54c2-90b3-00be459651fe","","","","northeurope","1","3","8.8","0","3","2026-03-03T08:00:00.000Z","No owner tags in Wiz; subscription metadata missing"
"Wiz","GCP","02c18c34-89ce-5c53-ba2a-fa5cece38668","","","","us-east4","1","3","8.1","0","1","2025-02-13T08:00:00.000Z","No owner tags in Wiz; subscription metadata missing"
"Wiz","Azure","47b45993-4068-50bd-9e74-a876aaf4bcf5","","","","eastus","1","3","8.8","0","3","2022-07-10T07:00:00.000Z","No owner tags in Wiz; subscription metadata missing"
"Wiz","GCP","0eed8d3e-1b4d-5a6c-b5f0-a1c5518f94e4","","","","us-central1","1","3","7.8","0","3","2023-07-14T07:00:00.000Z","No owner tags in Wiz; subscription metadata missing"
"Wiz","AWS","2930aad2-b669-5ac0-b387-afbab6cc2174","","","","us-east-1","18","2","9.8","6","50","2023-10-31T07:00:00.000Z","No owner tags in Wiz; subscription metadata missing"
"Wiz","Azure","2063015e-7c19-5d99-a338-323ab68b073c","","","","southeastasia","15","2","8.8","0","17","2026-03-03T08:00:00.000Z","No owner tags in Wiz; subscription metadata missing"
"Wiz","AWS","0eed8d3e-1b4d-5a6c-b5f0-a1c5518f94e4","","","","ap-northeast-1","12","2","8.0","0","45","2023-10-31T07:00:00.000Z","No owner tags in Wiz; subscription metadata missing"
"Wiz","Azure","2930aad2-b669-5ac0-b387-afbab6cc2174","","","","eastus","7","2","8.8","0","8","2023-10-31T07:00:00.000Z","No owner tags in Wiz; subscription metadata missing"
"Wiz","Azure","083dfde4-70f5-579f-84dd-e76fe8882830","","","","australiaeast","7","2","8.8","0","9","2023-10-31T07:00:00.000Z","No owner tags in Wiz; subscription metadata missing"
"Wiz","Azure","2063015e-7c19-5d99-a338-323ab68b073c","","","","westeurope","6","2","8.8","0","8","2026-03-03T08:00:00.000Z","No owner tags in Wiz; subscription metadata missing"
"Wiz","AWS","0eed8d3e-1b4d-5a6c-b5f0-a1c5518f94e4","","","","ca-central-1","6","2","8.0","0","11","2023-10-31T07:00:00.000Z","No owner tags in Wiz; subscription metadata missing"
"Wiz","Azure","76194762-c464-54dd-9fae-4193ddb27314","","","","eastus","6","2","8.8","0","6","2023-10-31T07:00:00.000Z","No owner tags in Wiz; subscription metadata missing"
"Wiz","Azure","013dd047-87d2-54a1-ba6b-30e0979c3540","","","","swedencentral","6","2","8.8","0","7","2026-03-03T08:00:00.000Z","No owner tags in Wiz; subscription metadata missing"
"Wiz","GCP","0eed8d3e-1b4d-5a6c-b5f0-a1c5518f94e4","","","","global","5","2","7.8","0","9","2023-10-31T07:00:00.000Z","No owner tags in Wiz; subscription metadata missing"
"Wiz","Azure","0252959b-18e0-5823-b503-d16947d6b554","","","","westus2","5","2","8.8","0","5","2025-02-27T08:00:00.000Z","No owner tags in Wiz; subscription metadata missing"
"Wiz","Azure","2930aad2-b669-5ac0-b387-afbab6cc2174","","","","southeastasia","4","2","8.8","0","5","2023-10-31T07:00:00.000Z","No owner tags in Wiz; subscription metadata missing"
"Wiz","Azure","1853a85e-80e7-5597-8c9b-059cb75f6031","","","","eastus2","4","2","8.8","0","10","2023-10-31T07:00:00.000Z","No owner tags in Wiz; subscription metadata missing"
"Wiz","AWS","0252959b-18e0-5823-b503-d16947d6b554","","","","us-east-1","3","2","8.8","0","5","2025-02-27T08:00:00.000Z","No owner tags in Wiz; subscription metadata missing"
"Wiz","AWS","0eed8d3e-1b4d-5a6c-b5f0-a1c5518f94e4","","","","eu-west-3","3","2","8.0","0","4","2023-10-31T07:00:00.000Z","No owner tags in Wiz; subscription metadata missing"
"Wiz","","4d2d497a-15a7-5d17-a9b1-389f43dead9b","","","","","3","2","9.8","1","4","2023-10-31T07:00:00.000Z","No owner tags in Wiz; subscription metadata missing"
"Wiz","GCP","013dd047-87d2-54a1-ba6b-30e0979c3540","","","","global","3","2","8.7","0","4","2023-10-31T07:00:00.000Z","No owner tags in Wiz; subscription metadata missing"
"Wiz","Azure","2930aad2-b669-5ac0-b387-afbab6cc2174","","","","southindia","3","2","8.8","0","4","2023-10-31T07:00:00.000Z","No owner tags in Wiz; subscription metadata missing"
"Wiz","GCP","013dd047-87d2-54a1-ba6b-30e0979c3540","","","","asia-southeast1","3","2","8.8","0","0","2022-07-10T07:00:00.000Z","No owner tags in Wiz; subscription metadata missing"
"Wiz","Azure","0eed8d3e-1b4d-5a6c-b5f0-a1c5518f94e4","","","","centralindia","2","2","8.8","0","2","2025-05-27T07:00:00.000Z","No owner tags in Wiz; subscription metadata missing"
"Wiz","Azure","1ea7a000-9d00-5c58-9c3f-a31183278b68","","","","westus2","2","2","8.8","0","2","2026-03-27T07:00:00.000Z","No owner tags in Wiz; subscription metadata missing"
"Wiz","AWS","0eed8d3e-1b4d-5a6c-b5f0-a1c5518f94e4","","","","ap-northeast-3","2","2","8.0","0","3","2023-10-31T07:00:00.000Z","No owner tags in Wiz; subscription metadata missing"
"Wiz","","05005c23-b7e1-5296-8f4e-e9a63659806f","","","","","2","2","7.8","0","11","2023-10-31T07:00:00.000Z","No owner tags in Wiz; subscription metadata missing"
"Wiz","","154c3543-ed55-59db-90c5-4eaf5758958b","","","","","2","2","8.8","0","5","2023-10-31T07:00:00.000Z","No owner tags in Wiz; subscription metadata missing"
"Wiz","Azure","4ba4f4c4-cb4e-5486-bfdd-e1e2d70515a1","","","","eastus","1","2","8.8","0","2","2026-03-27T07:00:00.000Z","No owner tags in Wiz; subscription metadata missing"
"Wiz","","2930aad2-b669-5ac0-b387-afbab6cc2174","","","","","1","2","8.0","0","6","2023-10-31T07:00:00.000Z","No owner tags in Wiz; subscription metadata missing"
"Wiz","Azure","30b05cc3-0f5f-54c2-90b3-00be459651fe","","","","eastus2","1","2","8.8","0","2","2026-03-03T08:00:00.000Z","No owner tags in Wiz; subscription metadata missing"
"Wiz","Azure","083dfde4-70f5-579f-84dd-e76fe8882830","","","","southcentralus","1","2","9.8","1","1","2023-10-31T07:00:00.000Z","No owner tags in Wiz; subscription metadata missing"
"Wiz","AWS","556e699c-3aaa-572e-a3bb-18aefee89390","","","","ap-southeast-2","1","2","9.8","7","1","2023-10-31T07:00:00.000Z","No owner tags in Wiz; subscription metadata missing"
"Wiz","AWS","556e699c-3aaa-572e-a3bb-18aefee89390","","","","ap-southeast-1","1","2","9.8","3","1","2025-04-22T07:00:00.000Z","No owner tags in Wiz; subscription metadata missing"
"Wiz","AWS","2930aad2-b669-5ac0-b387-afbab6cc2174","","","","us-west-1","10","1","7.5","0","34","2023-10-31T07:00:00.000Z","No owner tags in Wiz; subscription metadata missing"
"Wiz","AWS","027d5d35-9f0f-51af-92f6-5c0e1b8ed4a4","","","","eu-central-1","7","1","8.8","0","7","2026-03-03T08:00:00.000Z","No owner tags in Wiz; subscription metadata missing"
"Wiz","Azure","083dfde4-70f5-579f-84dd-e76fe8882830","","","","canadaeast","6","1","7.5","0","6","2023-10-31T07:00:00.000Z","No owner tags in Wiz; subscription metadata missing"
"Wiz","","027d5d35-9f0f-51af-92f6-5c0e1b8ed4a4","","","","","6","1","7.5","0","7","2023-10-31T07:00:00.000Z","No owner tags in Wiz; subscription metadata missing"
"Wiz","Azure","2930aad2-b669-5ac0-b387-afbab6cc2174","","","","","6","1","7.5","0","6","2023-10-31T07:00:00.000Z","No owner tags in Wiz; subscription metadata missing"
"Wiz","AWS","0eed8d3e-1b4d-5a6c-b5f0-a1c5518f94e4","","","","sa-east-1","5","1","7.5","0","9","2023-10-31T07:00:00.000Z","No owner tags in Wiz; subscription metadata missing"
"Wiz","AWS","027d5d35-9f0f-51af-92f6-5c0e1b8ed4a4","","","","ap-south-1","5","1","8.8","0","5","2026-03-03T08:00:00.000Z","No owner tags in Wiz; subscription metadata missing"
"Wiz","Azure","13a68128-a3fc-516b-8180-1bf2444c8ef2","","","","westeurope","5","1","8.8","0","5","2026-03-03T08:00:00.000Z","No owner tags in Wiz; subscription metadata missing"
"Wiz","AWS","013dd047-87d2-54a1-ba6b-30e0979c3540","","","","ap-northeast-2","5","1","8.8","0","5","2026-03-03T08:00:00.000Z","No owner tags in Wiz; subscription metadata missing"
"Wiz","GCP","1ea7a000-9d00-5c58-9c3f-a31183278b68","","","","global","4","1","7.5","0","5","2023-10-31T07:00:00.000Z","No owner tags in Wiz; subscription metadata missing"
"Wiz","Azure","2930aad2-b669-5ac0-b387-afbab6cc2174","","","","westus2","4","1","8.8","0","4","2026-03-03T08:00:00.000Z","No owner tags in Wiz; subscription metadata missing"
"Wiz","GCP","0eed8d3e-1b4d-5a6c-b5f0-a1c5518f94e4","","","","us-east1","4","1","8.8","0","4","2026-03-03T08:00:00.000Z","No owner tags in Wiz; subscription metadata missing"
"Wiz","","1853a85e-80e7-5597-8c9b-059cb75f6031","","","","","4","1","7.5","0","4","2023-10-31T07:00:00.000Z","No owner tags in Wiz; subscription metadata missing"
"Wiz","GCP","47b45993-4068-50bd-9e74-a876aaf4bcf5","","","","global","3","1","7.5","0","9","2023-10-31T07:00:00.000Z","No owner tags in Wiz; subscription metadata missing"
"Wiz","AWS","2063015e-7c19-5d99-a338-323ab68b073c","","","","eu-west-1","3","1","7.5","0","6","2023-10-31T07:00:00.000Z","No owner tags in Wiz; subscription metadata missing"
"Wiz","GCP","556e699c-3aaa-572e-a3bb-18aefee89390","","","","global","3","1","7.5","0","4","2023-10-31T07:00:00.000Z","No owner tags in Wiz; subscription metadata missing"
"Wiz","Azure","0eed8d3e-1b4d-5a6c-b5f0-a1c5518f94e4","","","","northeurope","3","1","8.8","0","3","2026-03-03T08:00:00.000Z","No owner tags in Wiz; subscription metadata missing"
"Wiz","GitHub","12517423-bfb6-5f8e-bedf-fc79e30779d3","","","","","3","1","7.5","0","3","2023-10-31T07:00:00.000Z","No owner tags in Wiz; subscription metadata missing"
"Wiz","GitHub","556e699c-3aaa-572e-a3bb-18aefee89390","","","","","3","1","9.8","5","0","2025-04-22T07:00:00.000Z","No owner tags in Wiz; subscription metadata missing"
"Wiz","Azure","2063015e-7c19-5d99-a338-323ab68b073c","","","","westus2","3","1","8.8","0","3","2026-03-03T08:00:00.000Z","No owner tags in Wiz; subscription metadata missing"
"Wiz","Azure","027d5d35-9f0f-51af-92f6-5c0e1b8ed4a4","","","","","3","1","9.8","3","0","2025-04-22T07:00:00.000Z","No owner tags in Wiz; subscription metadata missing"
"Wiz","AWS","2930aad2-b669-5ac0-b387-afbab6cc2174","","","","eu-central-1","3","1","7.5","0","15","2023-10-31T07:00:00.000Z","No owner tags in Wiz; subscription metadata missing"
"Wiz","Azure","2063015e-7c19-5d99-a338-323ab68b073c","","","","","2","1","7.5","0","6","2023-10-31T07:00:00.000Z","No owner tags in Wiz; subscription metadata missing"
"Wiz","Azure","","","","","","2","1","7.5","0","4","2023-10-31T07:00:00.000Z","No owner tags in Wiz; subscription metadata missing"
"Wiz","AWS","322dad21-92b4-550c-93bd-87233cc64eaa","","","","us-east-1","2","1","9.8","2","0","2025-04-22T07:00:00.000Z","No owner tags in Wiz; subscription metadata missing"
"Wiz","Azure","30b05cc3-0f5f-54c2-90b3-00be459651fe","","","","japanwest","2","1","8.8","0","2","2026-03-03T08:00:00.000Z","No owner tags in Wiz; subscription metadata missing"
"Wiz","Azure","083dfde4-70f5-579f-84dd-e76fe8882830","","","","uaenorth","2","1","8.8","0","2","2026-03-03T08:00:00.000Z","No owner tags in Wiz; subscription metadata missing"
"Wiz","Azure","027d5d35-9f0f-51af-92f6-5c0e1b8ed4a4","","","","southeastasia","2","1","8.8","0","2","2026-04-03T07:00:00.000Z","No owner tags in Wiz; subscription metadata missing"
"Wiz","GCP","154c3543-ed55-59db-90c5-4eaf5758958b","","","","global","2","1","7.5","0","2","2023-10-31T07:00:00.000Z","No owner tags in Wiz; subscription metadata missing"
"Wiz","Azure","556e699c-3aaa-572e-a3bb-18aefee89390","","","","westus2","2","1","9.8","14","0","2025-04-22T07:00:00.000Z","No owner tags in Wiz; subscription metadata missing"
"Wiz","Azure","013dd047-87d2-54a1-ba6b-30e0979c3540","","","","francecentral","2","1","8.8","0","2","2026-03-03T08:00:00.000Z","No owner tags in Wiz; subscription metadata missing"
"Wiz","Azure","11710edb-330f-5ef8-aae1-377ab2192f49","","","","eastus","2","1","8.8","0","2","2026-03-03T08:00:00.000Z","No owner tags in Wiz; subscription metadata missing"
"Wiz","Azure","12517423-bfb6-5f8e-bedf-fc79e30779d3","","","","eastus","2","1","9.8","3","0","2025-04-22T07:00:00.000Z","No owner tags in Wiz; subscription metadata missing"
"Wiz","AWS","0eed8d3e-1b4d-5a6c-b5f0-a1c5518f94e4","","","","ap-south-2","2","1","7.5","0","6","2023-10-31T07:00:00.000Z","No owner tags in Wiz; subscription metadata missing"
"Wiz","GitHub","0eed8d3e-1b4d-5a6c-b5f0-a1c5518f94e4","","","","","2","1","7.5","0","2","2023-10-31T07:00:00.000Z","No owner tags in Wiz; subscription metadata missing"
"Wiz","Azure","2930aad2-b669-5ac0-b387-afbab6cc2174","","","","uaenorth","2","1","7.5","0","4","2023-10-31T07:00:00.000Z","No owner tags in Wiz; subscription metadata missing"
"Wiz","GitHub","013dd047-87d2-54a1-ba6b-30e0979c3540","","","","","2","1","7.5","0","2","2023-10-31T07:00:00.000Z","No owner tags in Wiz; subscription metadata missing"
"Wiz","Azure","2930aad2-b669-5ac0-b387-afbab6cc2174","","","","canadacentral","2","1","7.5","0","4","2023-10-31T07:00:00.000Z","No owner tags in Wiz; subscription metadata missing"
"Wiz","AWS","556e699c-3aaa-572e-a3bb-18aefee89390","","","","us-east-2","2","1","7.5","0","2","2023-10-31T07:00:00.000Z","No owner tags in Wiz; subscription metadata missing"
"Wiz","GCP","010f522c-1302-58f6-8ef5-d493e4e96691","","","","us-east4","1","1","7.4","0","1","2025-09-25T07:00:00.000Z","No owner tags in Wiz; subscription metadata missing"
"Wiz","Azure","556e699c-3aaa-572e-a3bb-18aefee89390","","","","","1","1","7.5","0","1","2023-10-31T07:00:00.000Z","No owner tags in Wiz; subscription metadata missing"
"Wiz","Azure","013dd047-87d2-54a1-ba6b-30e0979c3540","","","","italynorth","1","1","8.8","0","1","2026-03-03T08:00:00.000Z","No owner tags in Wiz; subscription metadata missing"
"Wiz","Azure","556e699c-3aaa-572e-a3bb-18aefee89390","","","","centralindia","1","1","7.5","0","1","2023-10-31T07:00:00.000Z","No owner tags in Wiz; subscription metadata missing"
"Wiz","AWS","4d2d497a-15a7-5d17-a9b1-389f43dead9b","","","","global","1","1","7.5","0","1","2023-10-31T07:00:00.000Z","No owner tags in Wiz; subscription metadata missing"
"Wiz","AWS","4ba4f4c4-cb4e-5486-bfdd-e1e2d70515a1","","","","us-west-2","1","1","7.4","0","1","2025-09-25T07:00:00.000Z","No owner tags in Wiz; subscription metadata missing"
"Wiz","Azure","30b05cc3-0f5f-54c2-90b3-00be459651fe","","","","germanywestcentral","1","1","8.8","0","1","2026-03-03T08:00:00.000Z","No owner tags in Wiz; subscription metadata missing"
"Wiz","AWS","322dad21-92b4-550c-93bd-87233cc64eaa","","","","us-west-2","1","1","9.8","1","0","2025-04-22T07:00:00.000Z","No owner tags in Wiz; subscription metadata missing"
"Wiz","AWS","322dad21-92b4-550c-93bd-87233cc64eaa","","","","eu-west-2","1","1","9.8","1","0","2025-04-22T07:00:00.000Z","No owner tags in Wiz; subscription metadata missing"
"Wiz","GCP","0252959b-18e0-5823-b503-d16947d6b554","","","","global","1","1","8.1","0","1","2025-05-27T07:00:00.000Z","No owner tags in Wiz; subscription metadata missing"
"Wiz","Azure","2930aad2-b669-5ac0-b387-afbab6cc2174","","","","westus","1","1","7.5","0","2","2023-10-31T07:00:00.000Z","No owner tags in Wiz; subscription metadata missing"
"Wiz","GCP","027d5d35-9f0f-51af-92f6-5c0e1b8ed4a4","","","","global","1","1","8.1","0","1","2025-05-27T07:00:00.000Z","No owner tags in Wiz; subscription metadata missing"
"Wiz","AWS","2c16d970-d87b-523f-b86c-316ca2b42b72","","","","eu-north-1","1","1","7.5","0","2","2023-10-31T07:00:00.000Z","No owner tags in Wiz; subscription metadata missing"
"Wiz","Azure","2930aad2-b669-5ac0-b387-afbab6cc2174","","","","westeurope","1","1","7.5","0","2","2023-10-31T07:00:00.000Z","No owner tags in Wiz; subscription metadata missing"
"Wiz","Azure","2930aad2-b669-5ac0-b387-afbab6cc2174","","","","southcentralus","1","1","7.5","0","4","2023-10-31T07:00:00.000Z","No owner tags in Wiz; subscription metadata missing"
"Wiz","Azure","2930aad2-b669-5ac0-b387-afbab6cc2174","","","","southafricanorth","1","1","7.5","0","2","2023-10-31T07:00:00.000Z","No owner tags in Wiz; subscription metadata missing"
"Wiz","GCP","05005c23-b7e1-5296-8f4e-e9a63659806f","","","","us-west1","1","1","7.8","0","1","2024-08-28T07:00:00.000Z","No owner tags in Wiz; subscription metadata missing"
"Wiz","Azure","2930aad2-b669-5ac0-b387-afbab6cc2174","","","","norwayeast","1","1","7.5","0","2","2023-10-31T07:00:00.000Z","No owner tags in Wiz; subscription metadata missing"
"Wiz","Azure","2930aad2-b669-5ac0-b387-afbab6cc2174","","","","northeurope","1","1","7.5","0","2","2023-10-31T07:00:00.000Z","No owner tags in Wiz; subscription metadata missing"
"Wiz","GCP","0eed8d3e-1b4d-5a6c-b5f0-a1c5518f94e4","","","","europe-west1","1","1","8.8","0","1","2026-03-03T08:00:00.000Z","No owner tags in Wiz; subscription metadata missing"
"Wiz","Azure","2930aad2-b669-5ac0-b387-afbab6cc2174","","","","japaneast","1","1","7.5","0","2","2023-10-31T07:00:00.000Z","No owner tags in Wiz; subscription metadata missing"
"Wiz","Azure","2930aad2-b669-5ac0-b387-afbab6cc2174","","","","eastasia","1","1","7.5","0","2","2023-10-31T07:00:00.000Z","No owner tags in Wiz; subscription metadata missing"
"Wiz","GCP","12517423-bfb6-5f8e-bedf-fc79e30779d3","","","","global","1","1","7.5","0","1","2023-10-31T07:00:00.000Z","No owner tags in Wiz; subscription metadata missing"
"Wiz","Azure","2930aad2-b669-5ac0-b387-afbab6cc2174","","","","brazilsouth","1","1","7.5","0","2","2023-10-31T07:00:00.000Z","No owner tags in Wiz; subscription metadata missing"
"Wiz","AWS","1ea7a000-9d00-5c58-9c3f-a31183278b68","","","","eu-west-3","1","1","9.8","1","0","2025-04-22T07:00:00.000Z","No owner tags in Wiz; subscription metadata missing"
"Wiz","Azure","2930aad2-b669-5ac0-b387-afbab6cc2174","","","","australiaeast","1","1","7.5","0","2","2023-10-31T07:00:00.000Z","No owner tags in Wiz; subscription metadata missing"
"Wiz","AWS","1ea7a000-9d00-5c58-9c3f-a31183278b68","","","","ap-south-1","1","1","8.8","0","1","2026-03-03T08:00:00.000Z","No owner tags in Wiz; subscription metadata missing"
"Wiz","AWS","154c3543-ed55-59db-90c5-4eaf5758958b","","","","us-west-2","1","1","7.5","0","6","2023-10-31T07:00:00.000Z","No owner tags in Wiz; subscription metadata missing"
"Wiz","AWS","5155d035-97be-5d19-9606-807cc7acde7d","","","","us-west-2","1","1","7.5","0","8","2023-10-31T07:00:00.000Z","No owner tags in Wiz; subscription metadata missing"
"Wiz","Azure","1ea7a000-9d00-5c58-9c3f-a31183278b68","","","","northeurope","1","1","9.8","1","0","2025-04-22T07:00:00.000Z","No owner tags in Wiz; subscription metadata missing"
"Wiz","Azure","1853a85e-80e7-5597-8c9b-059cb75f6031","","","","westeurope","1","1","8.8","0","1","2026-03-03T08:00:00.000Z","No owner tags in Wiz; subscription metadata missing"
"Wiz","Azure","13a68128-a3fc-516b-8180-1bf2444c8ef2","","","","northeurope","1","1","8.8","0","1","2026-03-03T08:00:00.000Z","No owner tags in Wiz; subscription metadata missing"
"Wiz","Azure","13a68128-a3fc-516b-8180-1bf2444c8ef2","","","","germanywestcentral","1","1","8.8","0","1","2026-03-03T08:00:00.000Z","No owner tags in Wiz; subscription metadata missing"
"Wiz","GCP","377c1fa6-02bf-5a39-9c84-b43b498c7e65","","","","us-central1","1","1","7.5","0","2","2023-10-31T07:00:00.000Z","No owner tags in Wiz; subscription metadata missing"
"Wiz","Azure","13a68128-a3fc-516b-8180-1bf2444c8ef2","","","","eastus","1","1","8.8","0","0","2022-07-10T07:00:00.000Z","No owner tags in Wiz; subscription metadata missing"
"Wiz","Azure","13a68128-a3fc-516b-8180-1bf2444c8ef2","","","","centralus","1","1","8.8","0","0","2022-07-10T07:00:00.000Z","No owner tags in Wiz; subscription metadata missing"
"Wiz","Azure","11710edb-330f-5ef8-aae1-377ab2192f49","","","","centralindia","1","1","8.8","0","1","2026-03-03T08:00:00.000Z","No owner tags in Wiz; subscription metadata missing"
"Wiz","AWS","06f8eff8-43cf-5200-b6a7-f72277d3d314","","","","eu-west-1","1","1","9.8","4","0","2022-05-03T07:00:00.000Z","No owner tags in Wiz; subscription metadata missing"
"Wiz","AWS","556e699c-3aaa-572e-a3bb-18aefee89390","","","","eu-central-1","1","1","7.4","0","1","2025-09-25T07:00:00.000Z","No owner tags in Wiz; subscription metadata missing"
"Wiz","Azure","0eed8d3e-1b4d-5a6c-b5f0-a1c5518f94e4","","","","germanywestcentral","1","1","8.8","0","1","2026-03-03T08:00:00.000Z","No owner tags in Wiz; subscription metadata missing"
"Wiz","GCP","","","","","us-east4","1","1","7.5","0","0","2023-10-31T07:00:00.000Z","No owner tags in Wiz; subscription metadata missing"
"Wiz","GitHub","1ea7a000-9d00-5c58-9c3f-a31183278b68","","","","","1","1","7.5","0","2","2023-10-31T07:00:00.000Z","No owner tags in Wiz; subscription metadata missing"
"Wiz","","76194762-c464-54dd-9fae-4193ddb27314","","","","","1","1","7.5","0","1","2023-10-31T07:00:00.000Z","No owner tags in Wiz; subscription metadata missing"
"Wiz","AWS","76194762-c464-54dd-9fae-4193ddb27314","","","","us-east-2","1","1","7.5","0","2","2023-10-31T07:00:00.000Z","No owner tags in Wiz; subscription metadata missing"
"Wiz","Azure","013dd047-87d2-54a1-ba6b-30e0979c3540","","","","brazilsouth","1","1","8.8","0","1","2026-03-03T08:00:00.000Z","No owner tags in Wiz; subscription metadata missing"
"Wiz","","30b05cc3-0f5f-54c2-90b3-00be459651fe","","","","","1","1","8.8","0","0","2022-07-10T07:00:00.000Z","No owner tags in Wiz; subscription metadata missing"
"Wiz","Azure","083dfde4-70f5-579f-84dd-e76fe8882830","","","","centralindia","1","1","8.8","0","1","2026-04-03T07:00:00.000Z","No owner tags in Wiz; subscription metadata missing"
"Tenable","On-Prem/Unknown","N/A","","","","Default","2220","124","","","","2021-11-17","No owner in phpIPAM, no BU/team tag in Tenable"
"Tenable","GCP","cvad-xacgcp1","","","","us-east1","501","1","","","","2022-07-10","No owner in phpIPAM, no BU/team tag in Tenable"
"Tenable","GCP","prj-spi-dev-50006","","SPI","","us-east4","19","6","","","","2022-07-10","No owner in phpIPAM, no BU/team tag in Tenable"
"Tenable","GCP","prj-dsy-dev-64700","","DSY","","us-east4","16","6","","","","2022-07-10","No owner in phpIPAM, no BU/team tag in Tenable"
"Tenable","GCP","prj-foc-dev-69900","","FOC","","us-east4","12","5","","","","2022-07-10","No owner in phpIPAM, no BU/team tag in Tenable"
"Tenable","GCP","prj-seu-dev-50200","","SEU","","multi","10","5","","","","2022-07-10","No owner in phpIPAM, no BU/team tag in Tenable"
"Tenable","GCP","prj-ipr-dev-67100","","IPR","","asia-south1","10","5","","","","2022-07-10","No owner in phpIPAM, no BU/team tag in Tenable"
"Tenable","GCP","prj-bw-dev-67300","","BusinessWorks","","asia-south1","4","5","","","","2022-07-10","No owner in phpIPAM, no BU/team tag in Tenable"
"Tenable","GCP","prj-mft-dev-50200","","MFT","","asia-south1","2","5","","","","2022-07-10","No owner in phpIPAM, no BU/team tag in Tenable"
"Tenable","GCP","prj-dv-dev-63630","","DV","","us-west1","2","5","","","","2022-07-10","No owner in phpIPAM, no BU/team tag in Tenable"
"Tenable","GCP","prj-spe-dev-50050","","SPE","","us-east4","1","5","","","","2022-07-10","No owner in phpIPAM, no BU/team tag in Tenable"
"Tenable","AWS","vpc-70ec6f15","","","","unknown","2","4","","","","2022-07-18","No owner in phpIPAM, no BU/team tag in Tenable"
"Tenable","AWS","vpc-3a46075f","","","","unknown","1","4","","","","2023-10-31","No owner in phpIPAM, no BU/team tag in Tenable"
"Tenable","AWS","vpc-0e925cb7df8a00670","","","","unknown","1","2","","","","2022-07-10","No owner in phpIPAM, no BU/team tag in Tenable"